770688288,/start
770688288,/start
372877071,/start
322712335,/start
770688288,/start
770688288,Выделение
372877071,/start
372877071,/start
372877071,Разделение
372877071,/start
372877071,Разделение
372877071,Разделение
770688288,/start
770688288,Разделение
770688288,/start
770688288,Разделение
770688288,/start
770688288,/start
770688288,/start
770688288,Разделение
475142719,/start
770688288,/start
475142719,/start
770688288,/start
475142719,Разделение
770688288,Разделение
475142719,/start
475142719,Разделение
770688288,/start
